1 0001 BANCO CENTRAL DE VENEZUELA 0001 BANCO CENTRAL DE VENEZUELA
2 0102 BANCO DE VENEZUELA S.A.C.A. BANCO UNIVERSAL 0102 BANCO DE VENEZUELA S.A.C.A. BANCO UNIVERSAL
3 0104 VENEZOLANO DE CRÉDITO, S.A. BANCO UNIVERSAL 0104 VENEZOLANO DE CRÉDITO, S.A. BANCO UNIVERSAL
4 0105 BANCO MERCANTIL, C.A. S.A.C.A. BANCO UNIVERSAL 0105 BANCO MERCANTIL, C.A. S.A.C.A. BANCO UNIVERSAL
5 0108 BANCO PROVINCIAL, S.A. BANCO UNIVERSAL 0108 BANCO PROVINCIAL, S.A. BANCO UNIVERSAL
6 0114 BANCO DEL CARIBE, C.A. BANCO UNIVERSAL 0114 BANCO DEL CARIBE, C.A. BANCO UNIVERSAL
7 0115 BANCO EXTERIOR, C.A. BANCO UNIVERSAL 0115 BANCO EXTERIOR, C.A. BANCO UNIVERSAL
8 0116 BANCO OCCIDENTAL DE DESCUENTO BANCO UNIVERSAL, 0116 BANCO OCCIDENTAL DE DESCUENTO BANCO UNIVERSAL, C.A.
9 0128 BANCO CARONI, C.A. BANCO UNIVERSAL 0128 BANCO CARONI, C.A. BANCO UNIVERSAL
10 0134 BANESCO BANCO UNIVERSAL S.A.C.A. 0134 BANESCO BANCO UNIVERSAL S.A.C.A.
11 0137 BANCO SOFITASA BANCO UNIVERSAL, C.A. 0137 BANCO SOFITASA BANCO UNIVERSAL, C.A.
12 0138 BANCO PLAZA, BANCO UNIVERSAL C.A. 0138 BANCO PLAZA, BANCO UNIVERSAL C.A.
13 0146 BANCO DE LA GENTE EMPRENDEDORA BANGENTE, C.A. 0146 BANCO DE LA GENTE EMPRENDEDORA BANGENTE, C.A.
14 0149 BANCO DEL PUEBLO SOBERANO, BANCO DE DESARROLLO 0149 BANCO DEL PUEBLO SOBERANO, BANCO DE DESARROLLO
15 0151 BFC BANCO FONDO COMUN C.A. BANCO UNIVERSAL 0151 BFC BANCO FONDO COMUN C.A. BANCO UNIVERSAL
16 0156 100% BANCO, BANCO COMERCIAL, C.A. 0156 100% BANCO, BANCO COMERCIAL, C.A.
17 0157 DELSUR BANCO UNIVERSAL, C.A. 0157 DELSUR BANCO UNIVERSAL, C.A.
18 0163 BANCO DEL TESORO, C.A. BANCO UNIVERSAL 0163 BANCO DEL TESORO, C.A. BANCO UNIVERSAL
19 0166 BANCO AGRICOLA DE VENEZUELA, C.A. BANCO UNIVERS 0166 BANCO AGRICOLA DE VENEZUELA, C.A. BANCO UNIVERSAL
20 0168 BANCRECER S.A. BANCO DE DESARROLLO 0168 BANCRECER S.A. BANCO DE DESARROLLO
21 0169 MI BANCO, BANCO MICROFINANCIERO, C.A. 0169 MI BANCO, BANCO MICROFINANCIERO, C.A.
22 0171 BANCO ACTIVO, C.A. BANCO UNIVERSAL 0171 BANCO ACTIVO, C.A. BANCO UNIVERSAL
23 0172 BANCAMIGA BANCO MICROFINANCIERO, C.A. 0172 BANCAMIGA BANCO MICROFINANCIERO, C.A.
24 0173 BANCO INTERNACIONAL DE DESARROLLO, C.A. BANCO U 0173 BANCO INTERNACIONAL DE DESARROLLO, C.A. BANCO UNIVERSAL
25 0174 BANPLUS BANCO UNIVERAL, C.A. 0174 BANPLUS BANCO UNIVERAL, C.A.
26 0175 BANCO BICENTENARIO BANCO UNIVERSAL, C.A. 0175 BANCO BICENTENARIO BANCO UNIVERSAL, C.A.
27 0176 NOVO BANCO, S.A. SUCURSAL VENEZUELA BANCO UNIVE 0176 NOVO BANCO, S.A. SUCURSAL VENEZUELA BANCO UNIVERSAL
28 0177 BANCO DE LA FUERZA ARMADA NACIONAL BOLIVARIANA, 0177 BANCO DE LA FUERZA ARMADA NACIONAL BOLIVARIANA, B.U.
29 0190 CITIBANK N.A. 0190 CITIBANK N.A.
30 0191 BANCO NACIONAL CRÉDITO, C.A. BANCO UNIVERSAL 0191 BANCO NACIONAL CRÉDITO, C.A. BANCO UNIVERSAL
31 0601 INSTITUTO MUNICIPAL DE CRÉDITO POPULAR